{"_runtime":134,"avg":[18.36,572.4271683319027],"min":[0,0],"gen":50,"_step":50,"std":[11.75373983036889,258.6023639211125],"max":[42,953.6606464941947],"_timestamp":1.7664839274158094e+09,"nevals":86,"_wandb":{"runtime":134}}