{"weight_avg":18.36,"_step":50,"nevals":86,"value_avg":572.4271683319027,"max":[1e+08,590.1047043771423],"min":[19,0],"_timestamp":1.766484063256217e+09,"_runtime":54,"avg":[3.000002932e+07,292.169340871937],"gen":50,"weight_min":0,"_wandb":{"runtime":54},"std":[4.582573775511308e+07,204.44859191878578],"value_max":953.6606464941947}