{"avg":[18.36,572.4271683319027],"_timestamp":1.7664838258079772e+09,"_step":50,"gen":50,"_wandb":{"runtime":98},"_runtime":98,"std":[11.75373983036889,258.6023639211125],"min":[0,0],"nevals":86,"max":[42,953.6606464941947]}